Fecha,Partido,Competición,Duración,Equipo,Seleccionar esquema,Goles,xG,Tiros totales,Tiros a portería,% tiros portería,Pases intentados,Pases logrados,% pases,"Posesión del balón, %",Balones perdidos totales,Balones perdidos inicio,Balones perdidos medio,Balones perdidos último tercio,Balones recuperados totales,Balones recuperados inicio,Balones recuperados medio,Balones recuperados último tercio,Duelos totales,Duelos ganados,% duelos ganados,Ataques posicionales totales,Ataques posicionales finalizados,% ataques posicionales finalizados,Contraataques,Contraataques finalizados,% contraataques finalizados,Córners,Córners rematados,% córners rematados,Tiros libres,Tiros libres rematados,% tiros libres rematados,Penaltis,Penaltis marcados,% penaltis,Centros lanzados,Centros rematados,% centros rematados,Duelos ofensivos,Duelos ofensivos ganados,% duelos ofensivos,Fuera de juego,Goles recibidos,Tiros en contra,Tiros en contra a portería,% tiros en contra a portería,Duelos defensivos totales,Duelos defensivos ganados,% duelos defensivos ganados,Duelos aéreos totales,Duelos aéreos ganados,% duelos aéreos ganados,Entradas a ras de suelo totales,Entradas a ras de suelo exitosas,% entradas a ras de suelo exitosas,Interceptaciones,Despejes,Faltas,Tarjetas amarillas,Tarjetas rojas,Pases totales,% pases logrados,Pases hacia adelante intentados,Pases hacia adelante logrados,% pases hacia adelante logrados,Pases hacia atrás intentados,Pases hacia atrás logrados,% pases hacia atrás logrados,Pases laterales intentados,Pases laterales logrados,% pases laterales logrados,Pases largos intentados,Pases largos logrados,% pases largos,Pases en el último tercio intentados,Pases en el último tercio logrados,% pases en el último tercio,Pases progresivos intentados,Pases progresivos conseguidos,% pases progresivos,Saques laterales logrados,% saques laterales,Saques de meta intentados,Saques de meta logrados,Intensidad de paso,Promedio pases por posesión del balón,Lanzamiento largo %,PPDA,Distancia media de tiro,Longitud media pases
2026-05-23,Arenas Club - Zamora 1:0,Spain. Primera Division RFEF,98.0,Arenas Club,4-4-2 (100.0%),1.0,1.46,17.0,6.0,35.29,433.0,353.0,81.52,54.41,115.0,15.0,47.0,53.0,84.0,36.0,32.0,16.0,215.0,101.0,46.98,30.0,12.0,40.0,1.0,1.0,100.0,4.0,1.0,25.0,3.0,1.0,33.33,0.0,0.0,0.0,21.0,6.0,28.57,99.0,33.0,33.33,1.0,0.0,15.0,4.0,26.67,77.0,53.0,68.83,20.0,7.0,35.0,3.0,3.0,100.0,32.0,18.0,14.0,2.0,0.0,433.0,81.52,154.0,110.0,71.43,57.0,54.0,94.74,163.0,138.0,84.66,56.0,27.0,48.21,48.0,34.0,70.83,83.0,58.0,69.88,21.0,18.0,85.71,9.0,15.12,4.01,12.93,8.86,18.85,19.79
2026-05-23,Arenas Club - Zamora 1:0,Spain. Primera Division RFEF,98.0,Zamora,4-2-3-1 (100.0%),0.0,1.37,15.0,4.0,26.67,345.0,289.0,83.77,45.59,104.0,16.0,41.0,47.0,84.0,40.0,29.0,15.0,215.0,109.0,50.7,28.0,11.0,39.29,0.0,0.0,0.0,4.0,1.0,25.0,3.0,2.0,66.67,0.0,0.0,0.0,13.0,6.0,46.15,77.0,24.0,31.17,2.0,1.0,17.0,8.0,47.06,99.0,66.0,66.67,20.0,11.0,55.0,2.0,2.0,100.0,49.0,15.0,13.0,1.0,0.0,345.0,83.77,131.0,91.0,69.47,43.0,41.0,95.35,128.0,119.0,92.97,47.0,26.0,55.32,45.0,29.0,64.44,61.0,44.0,72.13,15.0,13.0,86.67,9.0,14.38,3.32,13.62,8.31,17.73,20.37
2026-05-17,Real Madrid Castilla - Arenas Club 3:3,Spain. Primera Division RFEF,110.0,Arenas Club,4-4-2 (50.2%),3.0,1.47,8.0,4.0,50.0,277.0,204.0,73.65,37.18,120.0,30.0,56.0,34.0,65.0,36.0,25.0,4.0,178.0,86.0,48.31,18.0,4.0,22.22,0.0,0.0,0.0,5.0,1.0,20.0,0.0,0.0,0.0,1.0,1.0,100.0,11.0,5.0,45.45,66.0,26.0,39.39,0.0,3.0,21.0,9.0,42.86,73.0,40.0,54.79,24.0,14.0,58.33,2.0,2.0,100.0,44.0,18.0,13.0,3.0,0.0,277.0,73.65,108.0,58.0,53.7,47.0,43.0,91.49,91.0,80.0,87.91,41.0,16.0,39.02,28.0,16.0,57.14,63.0,36.0,57.14,27.0,25.0,92.59,9.0,15.04,2.64,14.8,13.81,14.53,20.78
2026-05-17,Real Madrid Castilla - Arenas Club 3:3,Spain. Primera Division RFEF,110.0,Real Madrid Castilla,4-2-3-1 (100.0%),3.0,3.34,21.0,9.0,42.86,513.0,437.0,85.19,62.82,112.0,14.0,43.0,55.0,85.0,22.0,45.0,18.0,178.0,87.0,48.88,37.0,15.0,40.54,0.0,0.0,0.0,9.0,1.0,11.11,3.0,1.0,33.33,0.0,0.0,0.0,15.0,6.0,40.0,73.0,33.0,45.21,1.0,3.0,8.0,4.0,50.0,66.0,40.0,60.61,24.0,8.0,33.33,3.0,1.0,33.33,34.0,9.0,12.0,4.0,0.0,513.0,85.19,164.0,122.0,74.39,72.0,69.0,95.83,206.0,188.0,91.26,49.0,25.0,51.02,57.0,39.0,68.42,82.0,58.0,70.73,22.0,20.0,90.91,4.0,16.48,4.66,9.55,5.5,14.97,19.52
2026-05-08,Arenas Club - Racing Ferrol 1:1,Spain. Primera Division RFEF,99.0,Arenas Club,4-3-3 (100.0%),1.0,0.64,11.0,6.0,54.55,428.0,348.0,81.31,60.95,107.0,21.0,32.0,54.0,84.0,41.0,30.0,13.0,223.0,105.0,47.09,29.0,7.0,24.14,0.0,0.0,0.0,7.0,2.0,28.57,4.0,1.0,25.0,0.0,0.0,0.0,24.0,4.0,16.67,81.0,32.0,39.51,1.0,1.0,9.0,4.0,44.44,74.0,45.0,60.81,38.0,17.0,44.74,3.0,2.0,66.67,22.0,16.0,13.0,4.0,0.0,428.0,81.31,148.0,104.0,70.27,54.0,53.0,98.15,167.0,147.0,88.02,52.0,27.0,51.92,51.0,34.0,66.67,63.0,46.0,73.02,16.0,13.0,81.25,9.0,14.44,3.89,12.15,8.0,21.53,22.1
2026-05-08,Arenas Club - Racing Ferrol 1:1,Spain. Primera Division RFEF,99.0,Racing Ferrol,4-2-3-1 (68.83%),1.0,1.19,9.0,4.0,44.44,281.0,209.0,74.38,39.05,113.0,22.0,32.0,59.0,77.0,34.0,31.0,12.0,223.0,110.0,49.33,29.0,7.0,24.14,0.0,0.0,0.0,2.0,0.0,0.0,5.0,0.0,0.0,0.0,0.0,0.0,12.0,6.0,50.0,74.0,29.0,39.19,0.0,1.0,11.0,6.0,54.55,81.0,49.0,60.49,38.0,17.0,44.74,6.0,3.0,50.0,39.0,26.0,14.0,4.0,0.0,281.0,74.38,112.0,69.0,61.61,36.0,34.0,94.44,79.0,65.0,82.28,54.0,30.0,55.56,44.0,27.0,61.36,62.0,45.0,72.58,18.0,13.0,72.22,7.0,14.8,2.96,19.22,11.78,16.77,20.64
2026-05-02,Talavera CF - Arenas Club 2:1,Spain. Primera Division RFEF,103.0,Arenas Club,3-4-3 (21.96%),1.0,0.96,5.0,2.0,40.0,264.0,200.0,75.76,43.42,127.0,35.0,53.0,39.0,79.0,41.0,31.0,7.0,261.0,116.0,44.44,19.0,3.0,15.79,0.0,0.0,0.0,5.0,2.0,40.0,2.0,0.0,0.0,0.0,0.0,0.0,9.0,3.0,33.33,79.0,18.0,22.78,2.0,2.0,20.0,9.0,45.0,105.0,66.0,62.86,49.0,21.0,42.86,1.0,0.0,0.0,39.0,30.0,20.0,4.0,0.0,264.0,75.76,94.0,59.0,62.77,36.0,33.0,91.67,96.0,81.0,84.38,39.0,18.0,46.15,33.0,14.0,42.42,48.0,30.0,62.5,19.0,17.0,89.47,20.0,15.09,2.34,14.77,6.59,17.51,20.97
2026-05-02,Talavera CF - Arenas Club 2:1,Spain. Primera Division RFEF,103.0,Talavera CF,5-4-1 (56.5%),2.0,2.61,20.0,7.0,35.0,319.0,255.0,79.94,56.58,109.0,10.0,47.0,52.0,96.0,34.0,50.0,12.0,261.0,139.0,53.26,38.0,13.0,34.21,1.0,0.0,0.0,6.0,2.0,33.33,4.0,1.0,25.0,1.0,0.0,0.0,25.0,10.0,40.0,105.0,39.0,37.14,3.0,1.0,5.0,2.0,40.0,79.0,61.0,77.22,49.0,28.0,57.14,3.0,2.0,66.67,34.0,15.0,12.0,2.0,0.0,319.0,79.94,124.0,92.0,74.19,48.0,42.0,87.5,102.0,88.0,86.27,42.0,23.0,54.76,56.0,40.0,71.43,71.0,54.0,76.06,27.0,23.0,85.19,7.0,14.0,2.68,13.17,5.42,18.08,21.3
2026-04-24,Arenas Club - Mérida AD 2:0,Spain. Primera Division RFEF,98.0,Arenas Club,4-1-4-1 (100.0%),2.0,1.68,18.0,5.0,27.78,415.0,321.0,77.35,56.79,146.0,22.0,65.0,59.0,96.0,49.0,38.0,9.0,183.0,92.0,50.27,21.0,6.0,28.57,6.0,5.0,83.33,10.0,4.0,40.0,1.0,0.0,0.0,0.0,0.0,0.0,22.0,8.0,36.36,64.0,27.0,42.19,1.0,0.0,15.0,8.0,53.33,50.0,33.0,66.0,46.0,21.0,45.65,0.0,0.0,0.0,32.0,5.0,9.0,2.0,0.0,415.0,77.35,140.0,91.0,65.0,58.0,52.0,89.66,154.0,133.0,86.36,61.0,29.0,47.54,56.0,31.0,55.36,82.0,46.0,56.1,25.0,22.0,88.0,10.0,15.66,3.74,14.7,12.89,20.78,22.42
2026-04-24,Arenas Club - Mérida AD 2:0,Spain. Primera Division RFEF,98.0,Mérida AD,4-2-3-1 (100.0%),0.0,2.09,15.0,7.0,46.67,402.0,320.0,79.6,43.21,123.0,25.0,43.0,55.0,97.0,31.0,58.0,8.0,183.0,84.0,45.9,31.0,11.0,35.48,0.0,0.0,0.0,5.0,2.0,40.0,4.0,0.0,0.0,0.0,0.0,0.0,20.0,7.0,35.0,50.0,17.0,34.0,3.0,2.0,18.0,5.0,27.78,64.0,37.0,57.81,46.0,20.0,43.48,4.0,2.0,50.0,49.0,19.0,10.0,2.0,0.0,402.0,79.6,168.0,126.0,75.0,62.0,58.0,93.55,103.0,84.0,81.55,42.0,25.0,59.52,74.0,54.0,72.97,92.0,75.0,81.52,14.0,8.0,57.14,12.0,19.94,3.83,10.45,7.43,15.38,18.73
2026-04-18,Tenerife - Arenas Club 2:0,Spain. Primera Division RFEF,97.0,Arenas Club,4-4-2 (100.0%),0.0,0.77,8.0,3.0,37.5,371.0,280.0,75.47,44.9,114.0,23.0,52.0,39.0,83.0,48.0,27.0,8.0,220.0,100.0,45.45,22.0,7.0,31.82,1.0,1.0,100.0,5.0,0.0,0.0,2.0,0.0,0.0,0.0,0.0,0.0,9.0,1.0,11.11,78.0,21.0,26.92,2.0,2.0,9.0,8.0,88.89,81.0,51.0,62.96,36.0,16.0,44.44,0.0,0.0,0.0,38.0,14.0,14.0,2.0,0.0,371.0,75.47,130.0,87.0,66.92,47.0,41.0,87.23,147.0,121.0,82.31,39.0,15.0,38.46,37.0,16.0,43.24,60.0,26.0,43.33,26.0,24.0,92.31,3.0,16.93,3.4,10.51,15.1,22.87,19.63
2026-04-18,Tenerife - Arenas Club 2:0,Spain. Primera Division RFEF,97.0,Tenerife,4-4-2 (100.0%),2.0,1.34,9.0,7.0,77.78,444.0,378.0,85.14,55.1,113.0,18.0,31.0,64.0,93.0,34.0,40.0,19.0,220.0,116.0,52.73,30.0,7.0,23.33,0.0,0.0,0.0,4.0,0.0,0.0,5.0,1.0,20.0,0.0,0.0,0.0,17.0,4.0,23.53,81.0,30.0,37.04,2.0,0.0,8.0,3.0,37.5,78.0,57.0,73.08,36.0,19.0,52.78,5.0,1.0,20.0,55.0,12.0,12.0,1.0,0.0,444.0,85.14,126.0,97.0,76.98,74.0,68.0,91.89,171.0,153.0,89.47,42.0,28.0,66.67,43.0,26.0,60.47,58.0,47.0,81.03,12.0,11.0,91.67,3.0,16.51,4.58,9.46,6.54,13.82,18.99
2026-04-12,Arenas Club - Celta Fortuna 0:5,Spain. Primera Division RFEF,97.0,Arenas Club,4-4-2 (45.75%),0.0,2.26,15.0,4.0,26.67,326.0,267.0,81.9,38.35,88.0,13.0,34.0,41.0,65.0,28.0,26.0,11.0,139.0,64.0,46.04,26.0,9.0,34.62,1.0,0.0,0.0,9.0,4.0,44.44,2.0,0.0,0.0,1.0,0.0,0.0,23.0,6.0,26.09,45.0,22.0,48.89,1.0,5.0,14.0,8.0,57.14,58.0,24.0,41.38,20.0,11.0,55.0,0.0,0.0,0.0,32.0,9.0,15.0,3.0,1.0,326.0,81.9,97.0,72.0,74.23,51.0,49.0,96.08,134.0,111.0,82.84,53.0,31.0,58.49,41.0,29.0,70.73,51.0,38.0,74.51,17.0,15.0,88.24,4.0,16.41,3.62,16.26,17.4,16.58,21.54
2026-04-12,Arenas Club - Celta Fortuna 0:5,Spain. Primera Division RFEF,97.0,Celta Fortuna,3-4-2-1 (100.0%),5.0,1.69,14.0,7.0,50.0,595.0,541.0,90.92,61.65,92.0,23.0,31.0,38.0,67.0,30.0,29.0,8.0,139.0,69.0,49.64,22.0,7.0,31.82,0.0,0.0,0.0,5.0,2.0,40.0,0.0,0.0,0.0,1.0,1.0,100.0,11.0,3.0,27.27,58.0,34.0,58.62,1.0,0.0,15.0,4.0,26.67,45.0,23.0,51.11,20.0,7.0,35.0,0.0,0.0,0.0,33.0,21.0,12.0,2.0,0.0,595.0,90.92,165.0,135.0,81.82,95.0,93.0,97.89,261.0,247.0,94.64,42.0,23.0,54.76,56.0,45.0,80.36,70.0,59.0,84.29,7.0,7.0,100.0,7.0,18.63,7.08,7.06,12.67,20.38,18.95
2026-04-08,Arenas Club - Pontevedra 1:0,Spain. Primera Division RFEF,97.0,Arenas Club,4-3-3 (66.02%),1.0,1.25,11.0,3.0,27.27,490.0,409.0,83.47,57.54,119.0,14.0,46.0,59.0,89.0,49.0,34.0,6.0,267.0,138.0,51.69,34.0,7.0,20.59,0.0,0.0,0.0,3.0,1.0,33.33,1.0,0.0,0.0,0.0,0.0,0.0,19.0,10.0,52.63,95.0,32.0,33.68,2.0,0.0,2.0,1.0,50.0,86.0,61.0,70.93,50.0,27.0,54.0,2.0,1.0,50.0,19.0,9.0,25.0,4.0,0.0,490.0,83.47,163.0,118.0,72.39,75.0,70.0,93.33,188.0,167.0,88.83,47.0,24.0,51.06,57.0,38.0,66.67,78.0,63.0,80.77,19.0,19.0,100.0,5.0,17.36,4.41,9.59,6.72,18.07,19.79
2026-04-08,Arenas Club - Pontevedra 1:0,Spain. Primera Division RFEF,97.0,Pontevedra,4-2-3-1 (57.83%),0.0,0.1,2.0,1.0,50.0,300.0,243.0,81.0,42.46,116.0,16.0,51.0,49.0,96.0,38.0,49.0,9.0,267.0,120.0,44.94,12.0,1.0,8.33,0.0,0.0,0.0,0.0,0.0,0.0,3.0,0.0,0.0,0.0,0.0,0.0,6.0,2.0,33.33,86.0,25.0,29.07,3.0,1.0,11.0,3.0,27.27,95.0,63.0,66.32,50.0,20.0,40.0,2.0,1.0,50.0,46.0,16.0,20.0,3.0,0.0,300.0,81.0,119.0,82.0,68.91,49.0,49.0,100.0,97.0,82.0,84.54,48.0,29.0,60.42,47.0,32.0,68.09,64.0,49.0,76.56,19.0,17.0,89.47,7.0,14.41,2.73,16.0,9.1,17.91,22.1
2026-04-05,Arenteiro - Arenas Club 1:2,Spain. Primera Division RFEF,108.0,Arenas Club,4-4-2 (100.0%),2.0,1.09,11.0,5.0,45.45,303.0,214.0,70.63,45.38,142.0,30.0,56.0,56.0,89.0,55.0,25.0,9.0,230.0,109.0,47.39,26.0,7.0,26.92,0.0,0.0,0.0,3.0,2.0,66.67,1.0,0.0,0.0,0.0,0.0,0.0,16.0,4.0,25.0,76.0,24.0,31.58,1.0,1.0,11.0,4.0,36.36,57.0,38.0,66.67,59.0,30.0,50.85,1.0,1.0,100.0,34.0,14.0,14.0,1.0,0.0,303.0,70.63,128.0,76.0,59.38,42.0,39.0,92.86,93.0,71.0,76.34,62.0,31.0,50.0,46.0,23.0,50.0,69.0,46.0,66.67,26.0,24.0,92.31,10.0,15.56,2.68,20.46,11.09,19.93,21.84
2026-04-05,Arenteiro - Arenas Club 1:2,Spain. Primera Division RFEF,108.0,Arenteiro,3-5-2 (84.36%),1.0,0.55,11.0,4.0,36.36,380.0,284.0,74.74,54.62,132.0,20.0,43.0,69.0,94.0,38.0,40.0,16.0,230.0,106.0,46.09,39.0,10.0,25.64,0.0,0.0,0.0,1.0,1.0,100.0,5.0,0.0,0.0,0.0,0.0,0.0,20.0,4.0,20.0,57.0,19.0,33.33,7.0,2.0,11.0,5.0,45.45,76.0,52.0,68.42,59.0,23.0,38.98,2.0,1.0,50.0,30.0,15.0,16.0,3.0,1.0,380.0,74.74,142.0,91.0,64.08,59.0,54.0,91.53,120.0,100.0,83.33,71.0,34.0,47.89,66.0,42.0,63.64,89.0,57.0,64.04,30.0,26.0,86.67,7.0,16.22,3.17,18.68,6.58,25.14,23.3
2026-03-28,Arenas Club - Real Avilés 3:2,Spain. Primera Division RFEF,102.0,Arenas Club,4-2-3-1 (100.0%),3.0,1.9,9.0,4.0,44.44,495.0,416.0,84.04,58.85,115.0,15.0,48.0,52.0,80.0,29.0,39.0,12.0,199.0,99.0,49.75,32.0,7.0,21.88,0.0,0.0,0.0,4.0,0.0,0.0,0.0,0.0,0.0,0.0,0.0,0.0,21.0,7.0,33.33,73.0,30.0,41.1,2.0,2.0,9.0,5.0,55.56,73.0,43.0,58.9,28.0,13.0,46.43,2.0,2.0,100.0,37.0,15.0,16.0,5.0,0.0,495.0,84.04,154.0,118.0,76.62,76.0,75.0,98.68,198.0,173.0,87.37,41.0,21.0,51.22,60.0,42.0,70.0,77.0,59.0,76.62,21.0,16.0,76.19,6.0,15.91,5.0,8.28,8.91,15.25,20.01
2026-03-28,Arenas Club - Real Avilés 3:2,Spain. Primera Division RFEF,102.0,Real Avilés,4-4-2 (100.0%),2.0,1.15,9.0,5.0,55.56,387.0,308.0,79.59,41.15,111.0,20.0,52.0,39.0,72.0,36.0,30.0,6.0,199.0,94.0,47.24,22.0,3.0,13.64,0.0,0.0,0.0,2.0,1.0,50.0,5.0,0.0,0.0,1.0,1.0,100.0,16.0,4.0,25.0,73.0,30.0,41.1,0.0,3.0,9.0,4.0,44.44,73.0,43.0,58.9,28.0,13.0,46.43,1.0,0.0,0.0,27.0,11.0,12.0,3.0,0.0,387.0,79.59,150.0,109.0,72.67,52.0,48.0,92.31,132.0,114.0,86.36,45.0,22.0,48.89,44.0,28.0,63.64,74.0,50.0,67.57,16.0,11.0,68.75,8.0,17.79,4.07,11.63,17.64,22.36,19.79
2026-03-22,Lugo - Arenas Club 1:1,Spain. Primera Division RFEF,99.0,Arenas Club,4-2-3-1 (100.0%),1.0,1.03,8.0,2.0,25.0,327.0,260.0,79.51,39.76,106.0,32.0,28.0,46.0,69.0,35.0,20.0,14.0,159.0,59.0,37.11,26.0,7.0,26.92,0.0,0.0,0.0,5.0,1.0,20.0,2.0,0.0,0.0,0.0,0.0,0.0,11.0,1.0,9.09,59.0,19.0,32.2,3.0,1.0,13.0,4.0,30.77,68.0,31.0,45.59,17.0,6.0,35.29,2.0,1.0,50.0,39.0,22.0,23.0,5.0,0.0,327.0,79.51,125.0,91.0,72.8,56.0,51.0,91.07,105.0,97.0,92.38,34.0,16.0,47.06,50.0,31.0,62.0,61.0,44.0,72.13,20.0,19.0,95.0,15.0,16.54,3.34,10.4,12.59,16.46,20.61
2026-03-22,Lugo - Arenas Club 1:1,Spain. Primera Division RFEF,99.0,Lugo,4-5-1 (100.0%),1.0,1.88,13.0,4.0,30.77,474.0,395.0,83.33,60.24,112.0,20.0,31.0,61.0,80.0,41.0,21.0,18.0,159.0,96.0,60.38,26.0,8.0,30.77,1.0,1.0,100.0,6.0,0.0,0.0,8.0,0.0,0.0,0.0,0.0,0.0,18.0,8.0,44.44,68.0,37.0,54.41,2.0,1.0,8.0,2.0,25.0,59.0,40.0,67.8,17.0,9.0,52.94,2.0,1.0,50.0,36.0,14.0,9.0,0.0,0.0,474.0,83.33,134.0,98.0,73.13,76.0,69.0,90.79,203.0,181.0,89.16,40.0,18.0,45.0,49.0,33.0,67.35,71.0,50.0,70.42,19.0,17.0,89.47,5.0,15.82,4.47,8.44,10.05,17.99,20.39
2026-03-08,Athletic Bilbao - Arenas Club 1:1,Spain. Primera Division RFEF,98.0,Arenas Club,4-1-4-1 (100.0%),1.0,0.99,5.0,3.0,60.0,448.0,359.0,80.13,44.02,122.0,39.0,50.0,33.0,89.0,49.0,31.0,9.0,199.0,106.0,53.27,16.0,3.0,18.75,0.0,0.0,0.0,3.0,1.0,33.33,0.0,0.0,0.0,1.0,1.0,100.0,19.0,6.0,31.58,61.0,27.0,44.26,1.0,1.0,20.0,7.0,35.0,99.0,62.0,62.63,23.0,12.0,52.17,3.0,2.0,66.67,46.0,25.0,12.0,3.0,0.0,448.0,80.13,144.0,98.0,68.06,67.0,65.0,97.01,170.0,145.0,85.29,51.0,22.0,43.14,40.0,22.0,55.0,74.0,37.0,50.0,12.0,12.0,100.0,11.0,17.47,4.53,11.38,11.93,15.79,19.35
2026-03-08,Athletic Bilbao - Arenas Club 1:1,Spain. Primera Division RFEF,98.0,Athletic Bilbao,4-4-2 (100.0%),1.0,2.56,20.0,7.0,35.0,546.0,463.0,84.8,55.98,114.0,14.0,36.0,64.0,91.0,25.0,47.0,19.0,199.0,89.0,44.72,45.0,16.0,35.56,0.0,0.0,0.0,7.0,2.0,28.57,4.0,1.0,25.0,0.0,0.0,0.0,35.0,10.0,28.57,99.0,37.0,37.37,0.0,1.0,5.0,3.0,60.0,61.0,34.0,55.74,23.0,8.0,34.78,0.0,0.0,0.0,40.0,3.0,10.0,2.0,0.0,546.0,84.8,166.0,132.0,79.52,93.0,86.0,92.47,199.0,177.0,88.94,24.0,10.0,41.67,72.0,59.0,81.94,87.0,69.0,79.31,22.0,19.0,86.36,5.0,16.74,5.1,4.4,8.55,18.34,19.42
2026-03-01,Arenas Club - Barakaldo 2:1,Spain. Primera Division RFEF,107.0,Arenas Club,4-4-2 (49.65%),2.0,0.67,5.0,3.0,60.0,182.0,131.0,71.98,28.98,108.0,24.0,46.0,38.0,80.0,49.0,24.0,7.0,183.0,84.0,45.9,13.0,3.0,23.08,0.0,0.0,0.0,2.0,0.0,0.0,4.0,1.0,25.0,0.0,0.0,0.0,5.0,3.0,60.0,53.0,21.0,39.62,4.0,1.0,10.0,2.0,20.0,60.0,30.0,50.0,46.0,25.0,54.35,1.0,0.0,0.0,30.0,20.0,16.0,5.0,1.0,182.0,71.98,87.0,53.0,60.92,21.0,19.0,90.48,49.0,39.0,79.59,37.0,18.0,48.65,30.0,16.0,53.33,51.0,31.0,60.78,14.0,8.0,57.14,13.0,13.16,2.04,20.33,14.14,14.55,22.37
2026-03-01,Arenas Club - Barakaldo 2:1,Spain. Primera Division RFEF,107.0,Barakaldo,4-2-3-1 (100.0%),1.0,1.97,10.0,2.0,20.0,487.0,396.0,81.31,71.02,122.0,11.0,36.0,75.0,91.0,37.0,35.0,19.0,183.0,96.0,52.46,40.0,4.0,10.0,0.0,0.0,0.0,4.0,2.0,50.0,3.0,0.0,0.0,0.0,0.0,0.0,30.0,16.0,53.33,60.0,30.0,50.0,1.0,2.0,5.0,4.0,80.0,53.0,32.0,60.38,46.0,20.0,43.48,3.0,1.0,33.33,26.0,4.0,20.0,4.0,0.0,487.0,81.31,168.0,117.0,69.64,74.0,70.0,94.59,188.0,165.0,87.77,74.0,39.0,52.7,84.0,56.0,66.67,93.0,75.0,80.65,20.0,20.0,100.0,4.0,14.36,4.64,15.2,3.84,14.43,21.17
2026-02-21,Unionistas de Salamanca - Arenas Club 2:0,Spain. Primera Division RFEF,107.0,Arenas Club,4-3-3 (50.41%),0.0,0.54,9.0,1.0,11.11,398.0,318.0,79.9,55.28,110.0,14.0,46.0,50.0,62.0,36.0,20.0,6.0,230.0,102.0,44.35,28.0,4.0,14.29,1.0,1.0,100.0,9.0,1.0,11.11,1.0,1.0,100.0,0.0,0.0,0.0,19.0,4.0,21.05,96.0,27.0,28.13,0.0,2.0,7.0,4.0,57.14,84.0,56.0,66.67,32.0,13.0,40.63,2.0,2.0,100.0,34.0,12.0,18.0,3.0,0.0,398.0,79.9,158.0,113.0,71.52,57.0,54.0,94.74,144.0,122.0,84.72,39.0,20.0,51.28,57.0,40.0,70.18,78.0,62.0,79.49,32.0,26.0,81.25,12.0,15.53,3.37,9.8,6.2,19.71,21.24
2026-02-21,Unionistas de Salamanca - Arenas Club 2:0,Spain. Primera Division RFEF,107.0,Unionistas de Salamanca,4-5-1 (100.0%),2.0,1.17,7.0,3.0,42.86,297.0,221.0,74.41,44.72,99.0,14.0,29.0,56.0,79.0,35.0,31.0,13.0,230.0,120.0,52.17,32.0,4.0,12.5,1.0,1.0,100.0,3.0,0.0,0.0,2.0,0.0,0.0,1.0,1.0,100.0,12.0,5.0,41.67,84.0,28.0,33.33,0.0,0.0,9.0,1.0,11.11,96.0,69.0,71.88,32.0,15.0,46.88,2.0,2.0,100.0,35.0,10.0,11.0,2.0,0.0,297.0,74.41,104.0,58.0,55.77,49.0,42.0,85.71,110.0,94.0,85.45,53.0,24.0,45.28,53.0,24.0,45.28,56.0,35.0,62.5,33.0,26.0,78.79,6.0,14.32,2.58,17.85,8.91,20.71,24.25
2026-02-14,Arenas Club - Ponferradina 0:1,Spain. Primera Division RFEF,99.0,Arenas Club,4-2-3-1 (100.0%),0.0,0.77,8.0,0.0,0.0,428.0,323.0,75.47,53.77,167.0,38.0,76.0,53.0,106.0,57.0,42.0,7.0,207.0,96.0,46.38,21.0,6.0,28.57,0.0,0.0,0.0,2.0,1.0,50.0,0.0,0.0,0.0,0.0,0.0,0.0,13.0,6.0,46.15,56.0,19.0,33.93,1.0,1.0,12.0,2.0,16.67,64.0,38.0,59.38,60.0,28.0,46.67,2.0,1.0,50.0,64.0,21.0,13.0,3.0,0.0,428.0,75.47,168.0,107.0,63.69,62.0,53.0,85.48,149.0,125.0,83.89,61.0,25.0,40.98,47.0,24.0,51.06,83.0,45.0,54.22,28.0,23.0,82.14,10.0,17.13,3.72,14.25,8.0,18.34,19.85
2026-02-14,Arenas Club - Ponferradina 0:1,Spain. Primera Division RFEF,99.0,Ponferradina,4-4-2 (100.0%),1.0,0.72,12.0,2.0,16.67,355.0,247.0,69.58,46.23,151.0,20.0,54.0,77.0,128.0,41.0,62.0,25.0,207.0,106.0,51.21,31.0,8.0,25.81,0.0,0.0,0.0,6.0,1.0,16.67,1.0,0.0,0.0,0.0,0.0,0.0,27.0,5.0,18.52,64.0,26.0,40.63,1.0,0.0,8.0,1.0,12.5,56.0,37.0,66.07,60.0,29.0,48.33,3.0,1.0,33.33,46.0,20.0,12.0,1.0,0.0,355.0,69.58,139.0,87.0,62.59,46.0,38.0,82.61,114.0,82.0,71.93,91.0,41.0,45.05,65.0,33.0,50.77,66.0,50.0,75.76,24.0,21.0,87.5,8.0,16.53,2.93,25.63,6.68,19.8,21.5
2026-02-08,Guadalajara - Arenas Club 1:0,Spain. Primera Division RFEF,98.0,Arenas Club,4-1-4-1 (100.0%),0.0,0.65,7.0,0.0,0.0,373.0,290.0,77.75,47.29,115.0,27.0,44.0,44.0,99.0,44.0,36.0,19.0,235.0,122.0,51.91,28.0,5.0,17.86,0.0,0.0,0.0,5.0,1.0,20.0,3.0,0.0,0.0,0.0,0.0,0.0,16.0,4.0,25.0,83.0,28.0,33.73,0.0,1.0,12.0,6.0,50.0,102.0,71.0,69.61,22.0,12.0,54.55,3.0,1.0,33.33,37.0,10.0,15.0,3.0,0.0,373.0,77.75,134.0,94.0,70.15,57.0,52.0,91.23,135.0,113.0,83.7,39.0,23.0,58.97,52.0,37.0,71.15,72.0,47.0,65.28,19.0,17.0,89.47,7.0,16.21,3.66,10.46,7.36,16.34,19.86
2026-02-08,Guadalajara - Arenas Club 1:0,Spain. Primera Division RFEF,98.0,Guadalajara,4-2-3-1 (100.0%),1.0,1.34,12.0,6.0,50.0,434.0,353.0,81.34,52.71,126.0,24.0,41.0,61.0,95.0,43.0,33.0,19.0,235.0,105.0,44.68,33.0,6.0,18.18,2.0,1.0,50.0,3.0,3.0,100.0,3.0,0.0,0.0,0.0,0.0,0.0,12.0,3.0,25.0,102.0,31.0,30.39,2.0,0.0,7.0,0.0,0.0,83.0,55.0,66.27,22.0,7.0,31.82,1.0,0.0,0.0,51.0,12.0,10.0,2.0,0.0,434.0,81.34,163.0,121.0,74.23,66.0,59.0,89.39,131.0,113.0,86.26,35.0,16.0,45.71,55.0,37.0,67.27,67.0,44.0,65.67,27.0,27.0,100.0,6.0,16.92,4.13,8.06,6.07,17.09,18.42
2026-02-01,Arenas Club - Ourense CF 2:1,Spain. Primera Division RFEF,102.0,Arenas Club,4-1-4-1 (100.0%),2.0,1.02,10.0,5.0,50.0,437.0,340.0,77.8,43.95,116.0,22.0,48.0,46.0,85.0,53.0,30.0,2.0,207.0,101.0,48.79,29.0,6.0,20.69,1.0,1.0,100.0,4.0,1.0,25.0,1.0,1.0,100.0,0.0,0.0,0.0,15.0,3.0,20.0,48.0,18.0,37.5,2.0,1.0,14.0,6.0,42.86,75.0,46.0,61.33,33.0,18.0,54.55,1.0,1.0,100.0,45.0,13.0,14.0,1.0,0.0,437.0,77.8,184.0,119.0,64.67,63.0,58.0,92.06,138.0,122.0,88.41,73.0,34.0,46.58,66.0,35.0,53.03,102.0,65.0,63.73,14.0,13.0,92.86,11.0,17.56,4.12,16.7,16.0,16.74,21.23
2026-02-01,Arenas Club - Ourense CF 2:1,Spain. Primera Division RFEF,102.0,Ourense CF,4-2-3-1 (58.15%),1.0,1.86,14.0,5.0,35.71,488.0,392.0,80.33,56.05,120.0,7.0,38.0,75.0,86.0,33.0,34.0,19.0,207.0,94.0,45.41,35.0,9.0,25.71,0.0,0.0,0.0,11.0,4.0,36.36,3.0,3.0,100.0,0.0,0.0,0.0,31.0,12.0,38.71,75.0,29.0,38.67,1.0,2.0,10.0,5.0,50.0,48.0,30.0,62.5,33.0,12.0,36.36,1.0,0.0,0.0,37.0,9.0,7.0,1.0,0.0,488.0,80.33,166.0,111.0,66.87,78.0,69.0,88.46,180.0,158.0,87.78,68.0,28.0,41.18,85.0,51.0,60.0,91.0,73.0,80.22,18.0,15.0,83.33,4.0,15.38,4.21,13.93,15.95,16.49,20.95
2026-01-24,Osasuna Promesas - Arenas Club 2:3,Spain. Primera Division RFEF,98.0,Arenas Club,4-1-4-1 (100.0%),3.0,0.82,8.0,5.0,62.5,288.0,211.0,73.26,36.55,111.0,32.0,47.0,32.0,88.0,49.0,30.0,9.0,238.0,111.0,46.64,13.0,3.0,23.08,2.0,2.0,100.0,1.0,0.0,0.0,0.0,0.0,0.0,0.0,0.0,0.0,8.0,1.0,12.5,77.0,32.0,41.56,1.0,2.0,21.0,8.0,38.1,99.0,55.0,55.56,29.0,10.0,34.48,1.0,0.0,0.0,45.0,21.0,18.0,4.0,0.0,288.0,73.26,121.0,77.0,63.64,41.0,34.0,82.93,94.0,77.0,81.91,46.0,29.0,63.04,39.0,27.0,69.23,77.0,42.0,54.55,21.0,21.0,100.0,16.0,17.0,2.59,15.97,12.83,19.59,20.09
2026-01-24,Osasuna Promesas - Arenas Club 2:3,Spain. Primera Division RFEF,98.0,Osasuna Promesas,4-2-3-1 (69.69%),2.0,3.09,21.0,8.0,38.1,490.0,408.0,83.27,63.45,122.0,14.0,35.0,73.0,89.0,26.0,40.0,23.0,238.0,118.0,49.58,48.0,14.0,29.17,0.0,0.0,0.0,8.0,4.0,50.0,5.0,1.0,20.0,0.0,0.0,0.0,18.0,9.0,50.0,99.0,44.0,44.44,2.0,3.0,8.0,5.0,62.5,77.0,45.0,58.44,29.0,16.0,55.17,4.0,2.0,50.0,35.0,8.0,18.0,3.0,0.0,490.0,83.27,181.0,134.0,74.03,81.0,77.0,95.06,156.0,139.0,89.1,47.0,23.0,48.94,83.0,52.0,62.65,71.0,61.0,85.92,31.0,29.0,93.55,6.0,16.66,3.98,9.59,4.55,13.81,19.96
2026-01-18,Cacereño - Arenas Club 2:0,Spain. Primera Division RFEF,98.0,Arenas Club,4-1-4-1 (100.0%),0.0,1.34,10.0,2.0,20.0,441.0,361.0,81.86,60.15,117.0,24.0,45.0,48.0,81.0,49.0,26.0,6.0,250.0,117.0,46.8,28.0,9.0,32.14,1.0,0.0,0.0,5.0,1.0,20.0,1.0,0.0,0.0,0.0,0.0,0.0,25.0,7.0,28.0,96.0,43.0,44.79,0.0,2.0,9.0,4.0,44.44,67.0,35.0,52.24,47.0,22.0,46.81,5.0,2.0,40.0,37.0,16.0,16.0,1.0,0.0,441.0,81.86,162.0,116.0,71.6,53.0,52.0,98.11,174.0,153.0,87.93,51.0,33.0,64.71,56.0,43.0,76.79,75.0,50.0,66.67,24.0,22.0,91.67,6.0,15.27,4.28,11.56,6.69,14.92,19.29
2026-01-18,Cacereño - Arenas Club 2:0,Spain. Primera Division RFEF,98.0,Cacereño,4-2-3-1 (84.98%),2.0,1.94,9.0,4.0,44.44,261.0,190.0,72.8,39.85,105.0,17.0,34.0,54.0,75.0,37.0,27.0,11.0,250.0,121.0,48.4,19.0,4.0,21.05,2.0,1.0,50.0,5.0,3.0,60.0,3.0,0.0,0.0,1.0,1.0,100.0,20.0,10.0,50.0,67.0,32.0,47.76,4.0,0.0,10.0,2.0,20.0,96.0,53.0,55.21,47.0,20.0,42.55,8.0,4.0,50.0,40.0,21.0,13.0,2.0,0.0,261.0,72.8,106.0,65.0,61.32,47.0,43.0,91.49,69.0,56.0,81.16,46.0,26.0,56.52,36.0,20.0,55.56,58.0,41.0,70.69,22.0,21.0,95.45,11.0,13.64,2.42,17.62,7.39,16.09,22.73
2026-01-10,Arenas Club - Real Madrid Castilla 4:1,Spain. Primera Division RFEF,102.0,Arenas Club,4-1-4-1 (100.0%),4.0,2.12,11.0,5.0,45.45,245.0,183.0,74.69,33.61,95.0,21.0,29.0,45.0,84.0,37.0,35.0,12.0,233.0,120.0,51.5,24.0,6.0,25.0,2.0,2.0,100.0,5.0,2.0,40.0,2.0,1.0,50.0,0.0,0.0,0.0,15.0,2.0,13.33,61.0,22.0,36.07,3.0,1.0,16.0,5.0,31.25,101.0,59.0,58.42,37.0,24.0,64.86,1.0,1.0,100.0,41.0,20.0,24.0,4.0,0.0,245.0,74.69,89.0,63.0,70.79,41.0,35.0,85.37,84.0,64.0,76.19,39.0,24.0,61.54,36.0,23.0,63.89,57.0,39.0,68.42,19.0,16.0,84.21,6.0,15.16,2.4,15.92,12.37,16.58,23.85
2026-01-10,Arenas Club - Real Madrid Castilla 4:1,Spain. Primera Division RFEF,102.0,Real Madrid Castilla,3-4-3 (83.04%),1.0,1.5,16.0,5.0,31.25,563.0,497.0,88.28,66.39,123.0,22.0,35.0,66.0,78.0,40.0,24.0,14.0,233.0,106.0,45.49,36.0,7.0,19.44,1.0,0.0,0.0,3.0,2.0,66.67,6.0,0.0,0.0,0.0,0.0,0.0,13.0,7.0,53.85,101.0,42.0,41.58,1.0,4.0,11.0,5.0,45.45,61.0,39.0,63.93,37.0,10.0,27.03,4.0,2.0,50.0,31.0,16.0,10.0,2.0,0.0,563.0,88.28,172.0,143.0,83.14,69.0,63.0,91.3,255.0,242.0,94.9,38.0,22.0,57.89,52.0,43.0,82.69,85.0,69.0,81.18,27.0,25.0,92.59,8.0,17.64,4.77,6.75,7.96,20.84,18.9
2026-01-04,Zamora - Arenas Club 1:0,Spain. Primera Division RFEF,100.0,Arenas Club,5-4-1 (81.82%),0.0,1.1,13.0,3.0,23.08,377.0,299.0,79.31,43.61,103.0,14.0,38.0,51.0,84.0,28.0,44.0,12.0,177.0,80.0,45.2,34.0,6.0,17.65,0.0,0.0,0.0,6.0,4.0,66.67,3.0,0.0,0.0,0.0,0.0,0.0,23.0,7.0,30.43,62.0,17.0,27.42,5.0,1.0,6.0,3.0,50.0,71.0,43.0,60.56,20.0,8.0,40.0,2.0,0.0,0.0,39.0,7.0,12.0,3.0,1.0,377.0,79.31,133.0,92.0,69.17,42.0,41.0,97.62,153.0,128.0,83.66,51.0,31.0,60.78,47.0,34.0,72.34,72.0,44.0,61.11,22.0,20.0,90.91,7.0,16.31,3.31,13.53,11.42,19.05,20.71
2026-01-04,Zamora - Arenas Club 1:0,Spain. Primera Division RFEF,100.0,Zamora,3-4-2-1 (100.0%),1.0,1.56,6.0,3.0,50.0,514.0,438.0,85.21,56.39,109.0,20.0,56.0,33.0,74.0,35.0,35.0,4.0,177.0,94.0,53.11,19.0,2.0,10.53,2.0,1.0,50.0,1.0,0.0,0.0,3.0,0.0,0.0,1.0,0.0,0.0,11.0,5.0,45.45,71.0,28.0,39.44,5.0,0.0,13.0,3.0,23.08,62.0,45.0,72.58,20.0,11.0,55.0,3.0,0.0,0.0,35.0,8.0,14.0,2.0,0.0,514.0,85.21,164.0,116.0,70.73,87.0,81.0,93.1,189.0,177.0,93.65,60.0,33.0,55.0,36.0,23.0,63.89,81.0,48.0,59.26,17.0,14.0,82.35,11.0,17.2,4.9,11.67,7.84,15.8,19.27
2025-12-21,Arenas Club - Talavera CF 1:2,Spain. Primera Division RFEF,102.0,Arenas Club,4-1-4-1 (100.0%),1.0,1.32,10.0,4.0,40.0,607.0,484.0,79.74,71.51,157.0,27.0,66.0,64.0,115.0,65.0,39.0,11.0,219.0,105.0,47.95,35.0,8.0,22.86,0.0,0.0,0.0,3.0,1.0,33.33,2.0,0.0,0.0,0.0,0.0,0.0,30.0,9.0,30.0,87.0,33.0,37.93,0.0,2.0,7.0,2.0,28.57,48.0,38.0,79.17,46.0,23.0,50.0,1.0,0.0,0.0,34.0,5.0,4.0,3.0,1.0,607.0,79.74,191.0,128.0,67.02,84.0,80.0,95.24,254.0,220.0,86.61,74.0,40.0,54.05,78.0,53.0,67.95,90.0,55.0,61.11,34.0,30.0,88.24,5.0,16.09,4.82,12.19,9.75,15.56,20.57
2025-12-21,Arenas Club - Talavera CF 1:2,Spain. Primera Division RFEF,102.0,Talavera CF,4-5-1 (100.0%),2.0,0.5,7.0,2.0,28.57,227.0,130.0,57.27,28.49,158.0,24.0,53.0,81.0,104.0,47.0,42.0,15.0,219.0,105.0,47.95,24.0,4.0,16.67,0.0,0.0,0.0,2.0,1.0,50.0,0.0,0.0,0.0,0.0,0.0,0.0,8.0,2.0,25.0,48.0,10.0,20.83,2.0,1.0,10.0,4.0,40.0,87.0,54.0,62.07,46.0,21.0,45.65,4.0,3.0,75.0,67.0,29.0,15.0,2.0,0.0,227.0,57.27,133.0,67.0,50.38,29.0,25.0,86.21,33.0,19.0,57.58,72.0,26.0,36.11,69.0,34.0,49.28,60.0,40.0,66.67,23.0,17.0,73.91,14.0,15.1,2.32,31.72,8.55,18.29,21.92
2025-12-14,Pontevedra - Arenas Club 2:0,Spain. Primera Division RFEF,100.0,Arenas Club,4-1-4-1 (100.0%),0.0,1.95,11.0,4.0,36.36,555.0,455.0,81.98,64.93,134.0,20.0,55.0,59.0,109.0,39.0,60.0,10.0,183.0,92.0,50.27,36.0,9.0,25.0,0.0,0.0,0.0,7.0,2.0,28.57,1.0,0.0,0.0,0.0,0.0,0.0,24.0,6.0,25.0,62.0,29.0,46.77,1.0,2.0,8.0,3.0,37.5,67.0,41.0,61.19,22.0,12.0,54.55,2.0,0.0,0.0,45.0,10.0,14.0,2.0,0.0,555.0,81.98,193.0,142.0,73.58,76.0,69.0,90.79,208.0,183.0,87.98,60.0,31.0,51.67,73.0,47.0,64.38,91.0,69.0,75.82,29.0,24.0,82.76,5.0,17.52,4.27,10.81,5.29,14.92,19.33
2025-12-14,Pontevedra - Arenas Club 2:0,Spain. Primera Division RFEF,100.0,Pontevedra,4-2-3-1 (100.0%),2.0,1.8,8.0,3.0,37.5,284.0,199.0,70.07,35.07,129.0,19.0,64.0,46.0,104.0,41.0,50.0,13.0,183.0,82.0,44.81,26.0,6.0,23.08,0.0,0.0,0.0,4.0,0.0,0.0,1.0,0.0,0.0,1.0,0.0,0.0,9.0,2.0,22.22,67.0,26.0,38.81,3.0,0.0,11.0,4.0,36.36,62.0,33.0,53.23,22.0,8.0,36.36,1.0,0.0,0.0,55.0,18.0,15.0,2.0,0.0,284.0,70.07,128.0,72.0,56.25,37.0,36.0,97.3,77.0,63.0,81.82,52.0,19.0,36.54,35.0,20.0,57.14,60.0,29.0,48.33,22.0,19.0,86.36,11.0,16.6,2.25,18.31,13.87,15.15,20.93
2025-12-07,Arenas Club - Athletic Bilbao 3:1,Spain. Primera Division RFEF,99.0,Arenas Club,4-1-4-1 (100.0%),3.0,1.4,11.0,7.0,63.64,370.0,281.0,75.95,48.76,127.0,28.0,46.0,53.0,95.0,41.0,36.0,18.0,244.0,117.0,47.95,31.0,8.0,25.81,1.0,1.0,100.0,5.0,2.0,40.0,0.0,0.0,0.0,0.0,0.0,0.0,17.0,2.0,11.76,74.0,29.0,39.19,2.0,1.0,15.0,6.0,40.0,92.0,55.0,59.78,38.0,15.0,39.47,2.0,2.0,100.0,57.0,31.0,14.0,4.0,0.0,370.0,75.95,141.0,93.0,65.96,51.0,46.0,90.2,137.0,110.0,80.29,55.0,32.0,58.18,51.0,31.0,60.78,74.0,47.0,63.51,22.0,22.0,100.0,10.0,16.14,3.11,14.86,6.05,18.77,21.28
2025-12-07,Arenas Club - Athletic Bilbao 3:1,Spain. Primera Division RFEF,99.0,Athletic Bilbao,4-2-3-1 (100.0%),1.0,1.66,15.0,6.0,40.0,394.0,309.0,78.43,51.24,127.0,23.0,51.0,53.0,98.0,40.0,42.0,16.0,244.0,117.0,47.95,34.0,7.0,20.59,0.0,0.0,0.0,10.0,3.0,30.0,7.0,1.0,14.29,0.0,0.0,0.0,19.0,5.0,26.32,92.0,37.0,40.22,3.0,3.0,11.0,7.0,63.64,74.0,45.0,60.81,38.0,19.0,50.0,2.0,1.0,50.0,33.0,18.0,8.0,3.0,0.0,394.0,78.43,144.0,107.0,74.31,58.0,48.0,82.76,135.0,113.0,83.7,56.0,35.0,62.5,55.0,43.0,78.18,88.0,66.0,75.0,36.0,30.0,83.33,8.0,16.35,3.08,14.21,9.11,16.99,20.24
2025-11-29,Ponferradina - Arenas Club 1:2,Spain. Primera Division RFEF,101.0,Arenas Club,4-3-3 (93.3%),2.0,1.54,13.0,5.0,38.46,317.0,244.0,76.97,48.64,116.0,25.0,43.0,48.0,81.0,46.0,28.0,7.0,214.0,105.0,49.07,32.0,12.0,37.5,1.0,0.0,0.0,3.0,0.0,0.0,0.0,0.0,0.0,0.0,0.0,0.0,18.0,6.0,33.33,76.0,30.0,39.47,0.0,1.0,11.0,6.0,54.55,54.0,37.0,68.52,52.0,26.0,50.0,2.0,2.0,100.0,29.0,28.0,11.0,2.0,0.0,317.0,76.97,130.0,100.0,76.92,41.0,36.0,87.8,112.0,90.0,80.36,49.0,29.0,59.18,51.0,36.0,70.59,83.0,64.0,77.11,25.0,17.0,68.0,7.0,14.34,2.66,15.46,17.06,18.39,22.13
2025-11-29,Ponferradina - Arenas Club 1:2,Spain. Primera Division RFEF,101.0,Ponferradina,4-4-2 (89.72%),1.0,1.6,11.0,6.0,54.55,374.0,299.0,79.95,51.36,118.0,16.0,42.0,60.0,80.0,31.0,37.0,12.0,214.0,93.0,43.46,32.0,9.0,28.13,0.0,0.0,0.0,4.0,2.0,50.0,3.0,0.0,0.0,0.0,0.0,0.0,20.0,8.0,40.0,54.0,17.0,31.48,2.0,2.0,13.0,5.0,38.46,76.0,46.0,60.53,52.0,18.0,34.62,6.0,3.0,50.0,39.0,25.0,21.0,3.0,1.0,374.0,79.95,135.0,92.0,68.15,50.0,49.0,98.0,146.0,125.0,85.62,59.0,31.0,52.54,48.0,29.0,60.42,75.0,53.0,70.67,22.0,18.0,81.82,9.0,16.02,3.22,15.78,5.84,20.68,21.53
2025-11-22,Arenas Club - Tenerife 1:4,Spain. Primera Division RFEF,99.0,Arenas Club,3-5-2 (51.57%),1.0,0.64,8.0,2.0,25.0,577.0,468.0,81.11,60.57,150.0,21.0,60.0,69.0,104.0,48.0,44.0,12.0,203.0,92.0,45.32,23.0,5.0,21.74,0.0,0.0,0.0,6.0,2.0,33.33,1.0,0.0,0.0,0.0,0.0,0.0,14.0,2.0,14.29,81.0,28.0,34.57,4.0,4.0,14.0,11.0,78.57,58.0,33.0,56.9,29.0,14.0,48.28,3.0,1.0,33.33,26.0,14.0,7.0,0.0,0.0,577.0,81.11,195.0,130.0,66.67,91.0,84.0,92.31,217.0,193.0,88.94,71.0,40.0,56.34,65.0,37.0,56.92,91.0,60.0,65.93,25.0,17.0,68.0,6.0,17.68,4.37,12.31,10.38,21.44,20.49
2025-11-22,Arenas Club - Tenerife 1:4,Spain. Primera Division RFEF,99.0,Tenerife,4-4-2 (100.0%),4.0,2.51,14.0,11.0,78.57,360.0,269.0,74.72,39.43,129.0,23.0,48.0,58.0,104.0,43.0,46.0,15.0,203.0,104.0,51.23,34.0,12.0,35.29,1.0,0.0,0.0,3.0,1.0,33.33,2.0,1.0,50.0,0.0,0.0,0.0,16.0,4.0,25.0,58.0,25.0,43.1,6.0,1.0,8.0,2.0,25.0,81.0,53.0,65.43,29.0,13.0,44.83,5.0,2.0,40.0,58.0,17.0,15.0,1.0,0.0,360.0,74.72,140.0,86.0,61.43,55.0,50.0,90.91,118.0,98.0,83.05,68.0,31.0,45.59,53.0,29.0,54.72,69.0,46.0,66.67,27.0,24.0,88.89,8.0,16.95,2.86,18.89,9.75,15.85,21.91
2025-11-14,Real Avilés - Arenas Club 0:0,Spain. Primera Division RFEF,96.0,Arenas Club,4-1-4-1 (100.0%),0.0,0.64,12.0,4.0,33.33,368.0,275.0,74.73,46.66,134.0,17.0,58.0,59.0,92.0,36.0,42.0,14.0,207.0,114.0,55.07,33.0,10.0,30.3,0.0,0.0,0.0,1.0,0.0,0.0,0.0,0.0,0.0,0.0,0.0,0.0,18.0,5.0,27.78,73.0,37.0,50.68,4.0,0.0,6.0,1.0,16.67,81.0,53.0,65.43,32.0,15.0,46.88,1.0,0.0,0.0,35.0,29.0,14.0,1.0,0.0,368.0,74.73,140.0,89.0,63.57,48.0,41.0,85.42,141.0,119.0,84.4,56.0,26.0,46.43,53.0,32.0,60.38,70.0,45.0,64.29,30.0,27.0,90.0,6.0,16.81,3.02,15.22,11.28,26.76,20.16
2025-11-14,Real Avilés - Arenas Club 0:0,Spain. Primera Division RFEF,96.0,Real Avilés,4-1-4-1 (66.78%),0.0,0.94,6.0,1.0,16.67,401.0,316.0,78.8,53.34,129.0,26.0,52.0,51.0,86.0,43.0,37.0,6.0,207.0,84.0,40.58,24.0,3.0,12.5,0.0,0.0,0.0,3.0,1.0,33.33,2.0,2.0,100.0,0.0,0.0,0.0,8.0,1.0,12.5,81.0,28.0,34.57,3.0,0.0,12.0,4.0,33.33,73.0,36.0,49.32,32.0,16.0,50.0,2.0,2.0,100.0,44.0,18.0,14.0,1.0,0.0,401.0,78.8,141.0,91.0,64.54,52.0,51.0,98.08,135.0,121.0,89.63,60.0,30.0,50.0,44.0,21.0,47.73,67.0,37.0,55.22,40.0,35.0,87.5,5.0,16.03,3.11,14.96,7.06,14.86,19.76
2025-11-08,Arenas Club - Osasuna Promesas 1:0,Spain. Primera Division RFEF,103.0,Arenas Club,4-1-4-1 (79.07%),1.0,2.25,14.0,5.0,35.71,303.0,205.0,67.66,45.59,152.0,37.0,54.0,61.0,111.0,55.0,40.0,16.0,270.0,138.0,51.11,32.0,7.0,21.88,4.0,3.0,75.0,9.0,2.0,22.22,1.0,0.0,0.0,0.0,0.0,0.0,23.0,8.0,34.78,88.0,31.0,35.23,2.0,0.0,11.0,4.0,36.36,89.0,65.0,73.03,50.0,25.0,50.0,2.0,2.0,100.0,58.0,41.0,14.0,2.0,1.0,303.0,67.66,124.0,69.0,55.65,31.0,26.0,83.87,110.0,86.0,78.18,60.0,23.0,38.33,43.0,22.0,51.16,69.0,42.0,60.87,34.0,30.0,88.24,6.0,13.18,2.42,19.8,8.7,16.67,23.67
2025-11-08,Arenas Club - Osasuna Promesas 1:0,Spain. Primera Division RFEF,103.0,Osasuna Promesas,4-2-3-1 (62.43%),0.0,0.96,11.0,3.0,27.27,438.0,331.0,75.57,54.41,149.0,26.0,47.0,76.0,105.0,41.0,46.0,18.0,270.0,122.0,45.19,33.0,9.0,27.27,0.0,0.0,0.0,1.0,0.0,0.0,3.0,1.0,33.33,0.0,0.0,0.0,20.0,9.0,45.0,89.0,24.0,26.97,2.0,1.0,14.0,6.0,42.86,88.0,57.0,64.77,50.0,21.0,42.0,2.0,1.0,50.0,39.0,12.0,9.0,3.0,0.0,438.0,75.57,164.0,101.0,61.59,64.0,61.0,95.31,143.0,121.0,84.62,70.0,32.0,45.71,65.0,40.0,61.54,80.0,58.0,72.5,34.0,26.0,76.47,7.0,15.96,3.74,15.98,7.13,17.38,21.55
2025-11-02,Ourense CF - Arenas Club 1:0,Spain. Primera Division RFEF,94.0,Arenas Club,4-2-3-1 (89.09%),0.0,1.06,16.0,1.0,6.25,393.0,289.0,73.54,43.33,155.0,17.0,62.0,76.0,107.0,32.0,61.0,14.0,216.0,118.0,54.63,35.0,9.0,25.71,0.0,0.0,0.0,7.0,5.0,71.43,1.0,0.0,0.0,0.0,0.0,0.0,19.0,6.0,31.58,45.0,17.0,37.78,0.0,1.0,8.0,2.0,25.0,72.0,54.0,75.0,61.0,31.0,50.82,2.0,2.0,100.0,32.0,12.0,11.0,1.0,0.0,393.0,73.54,143.0,85.0,59.44,42.0,41.0,97.62,175.0,136.0,77.71,62.0,31.0,50.0,71.0,45.0,63.38,83.0,63.0,75.9,22.0,19.0,86.36,7.0,16.83,3.82,15.78,10.95,21.79,20.75
2025-11-02,Ourense CF - Arenas Club 1:0,Spain. Primera Division RFEF,94.0,Ourense CF,4-5-1 (92.51%),1.0,1.41,8.0,2.0,25.0,492.0,404.0,82.11,56.67,145.0,26.0,71.0,48.0,106.0,54.0,48.0,4.0,216.0,89.0,41.2,22.0,3.0,13.64,1.0,1.0,100.0,1.0,1.0,100.0,4.0,2.0,50.0,0.0,0.0,0.0,9.0,3.0,33.33,72.0,18.0,25.0,1.0,0.0,16.0,3.0,18.75,45.0,28.0,62.22,61.0,30.0,49.18,2.0,1.0,50.0,53.0,32.0,6.0,3.0,0.0,492.0,82.11,182.0,120.0,65.93,95.0,91.0,95.79,128.0,116.0,90.63,76.0,33.0,43.42,55.0,29.0,52.73,72.0,50.0,69.44,22.0,20.0,90.91,15.0,16.11,4.64,15.45,10.91,15.82,18.17
2025-10-18,Racing Ferrol - Arenas Club 3:1,Spain. Primera Division RFEF,107.0,Arenas Club,4-2-3-1 (100.0%),1.0,1.8,18.0,3.0,16.67,397.0,325.0,81.86,49.07,94.0,16.0,31.0,47.0,74.0,32.0,31.0,11.0,178.0,77.0,43.26,30.0,14.0,46.67,0.0,0.0,0.0,2.0,1.0,50.0,3.0,0.0,0.0,0.0,0.0,0.0,14.0,3.0,21.43,64.0,21.0,32.81,2.0,3.0,14.0,8.0,57.14,69.0,40.0,57.97,18.0,5.0,27.78,2.0,0.0,0.0,39.0,17.0,14.0,4.0,0.0,397.0,81.86,143.0,103.0,72.03,48.0,43.0,89.58,162.0,148.0,91.36,33.0,21.0,63.64,61.0,41.0,67.21,81.0,63.0,77.78,23.0,21.0,91.3,3.0,15.2,3.82,8.31,13.64,21.49,21.44
2025-10-18,Racing Ferrol - Arenas Club 3:1,Spain. Primera Division RFEF,107.0,Racing Ferrol,4-2-3-1 (100.0%),3.0,2.43,14.0,8.0,57.14,473.0,391.0,82.66,50.93,114.0,24.0,38.0,52.0,73.0,35.0,28.0,10.0,178.0,95.0,53.37,35.0,10.0,28.57,0.0,0.0,0.0,2.0,1.0,50.0,2.0,0.0,0.0,0.0,0.0,0.0,10.0,4.0,40.0,69.0,29.0,42.03,0.0,1.0,18.0,3.0,16.67,64.0,43.0,67.19,18.0,10.0,55.56,3.0,3.0,100.0,47.0,12.0,9.0,2.0,0.0,473.0,82.66,164.0,116.0,70.73,100.0,95.0,95.0,145.0,126.0,86.9,60.0,28.0,46.67,46.0,29.0,63.04,86.0,54.0,62.79,23.0,22.0,95.65,13.0,17.45,4.42,12.68,9.77,16.35,19.74
2025-10-11,Arenas Club - Lugo 0:0,Spain. Primera Division RFEF,97.0,Arenas Club,4-5-1 (100.0%),0.0,0.23,6.0,2.0,33.33,383.0,280.0,73.11,52.17,132.0,24.0,42.0,66.0,91.0,33.0,48.0,10.0,237.0,133.0,56.12,25.0,1.0,4.0,2.0,1.0,50.0,3.0,0.0,0.0,5.0,0.0,0.0,0.0,0.0,0.0,14.0,2.0,14.29,69.0,25.0,36.23,5.0,0.0,14.0,5.0,35.71,98.0,72.0,73.47,35.0,17.0,48.57,0.0,0.0,0.0,29.0,9.0,17.0,2.0,0.0,383.0,73.11,138.0,88.0,63.77,55.0,52.0,94.55,144.0,113.0,78.47,50.0,21.0,42.0,58.0,28.0,48.28,70.0,45.0,64.29,19.0,18.0,94.74,12.0,15.73,3.42,13.05,7.79,27.75,21.94
2025-10-11,Arenas Club - Lugo 0:0,Spain. Primera Division RFEF,97.0,Lugo,4-4-1-1 (74.55%),0.0,1.74,14.0,5.0,35.71,381.0,292.0,76.64,47.83,131.0,19.0,67.0,45.0,100.0,42.0,44.0,14.0,237.0,97.0,40.93,30.0,10.0,33.33,0.0,0.0,0.0,5.0,3.0,60.0,3.0,0.0,0.0,0.0,0.0,0.0,11.0,4.0,36.36,98.0,26.0,26.53,2.0,0.0,6.0,2.0,33.33,69.0,44.0,63.77,35.0,16.0,45.71,0.0,0.0,0.0,44.0,10.0,14.0,2.0,0.0,381.0,76.64,155.0,111.0,71.61,59.0,52.0,88.14,122.0,94.0,77.05,84.0,42.0,50.0,38.0,21.0,55.26,86.0,55.0,63.95,28.0,23.0,82.14,8.0,17.07,3.1,22.05,8.25,19.67,20.74
2025-10-05,Mérida AD - Arenas Club 3:0,Spain. Primera Division RFEF,105.0,Arenas Club,4-2-3-1 (53.09%),0.0,0.93,6.0,4.0,66.67,336.0,272.0,80.95,43.97,103.0,23.0,38.0,42.0,60.0,28.0,25.0,7.0,169.0,68.0,40.24,20.0,4.0,20.0,1.0,1.0,100.0,4.0,1.0,25.0,2.0,0.0,0.0,0.0,0.0,0.0,7.0,1.0,14.29,66.0,22.0,33.33,5.0,3.0,18.0,6.0,33.33,53.0,31.0,58.49,29.0,8.0,27.59,5.0,1.0,20.0,46.0,14.0,16.0,4.0,1.0,336.0,80.95,120.0,84.0,70.0,47.0,46.0,97.87,130.0,116.0,89.23,40.0,22.0,55.0,44.0,26.0,59.09,62.0,39.0,62.9,21.0,18.0,85.71,11.0,16.31,3.03,11.9,9.81,18.13,20.51
2025-10-05,Mérida AD - Arenas Club 3:0,Spain. Primera Division RFEF,105.0,Mérida AD,4-4-2 (100.0%),3.0,1.6,18.0,7.0,38.89,450.0,383.0,85.11,56.03,95.0,9.0,39.0,47.0,71.0,28.0,33.0,10.0,169.0,95.0,56.21,33.0,6.0,18.18,3.0,3.0,100.0,4.0,3.0,75.0,5.0,1.0,20.0,0.0,0.0,0.0,17.0,3.0,17.65,53.0,22.0,41.51,4.0,0.0,6.0,4.0,66.67,66.0,44.0,66.67,29.0,18.0,62.07,2.0,2.0,100.0,28.0,19.0,12.0,1.0,0.0,450.0,85.11,175.0,136.0,77.71,73.0,72.0,98.63,126.0,112.0,88.89,38.0,23.0,60.53,48.0,34.0,70.83,68.0,54.0,79.41,20.0,17.0,85.0,1.0,17.15,3.91,8.44,9.0,21.38,17.74
2025-09-27,Arenas Club - Unionistas de Salamanca 2:1,Spain. Primera Division RFEF,102.0,Arenas Club,4-5-1 (30.07%),2.0,1.94,9.0,6.0,66.67,195.0,125.0,64.1,26.8,118.0,19.0,46.0,53.0,68.0,33.0,27.0,8.0,178.0,95.0,53.37,22.0,6.0,27.27,0.0,0.0,0.0,6.0,0.0,0.0,3.0,1.0,33.33,1.0,1.0,100.0,6.0,2.0,33.33,55.0,24.0,43.64,1.0,1.0,14.0,4.0,28.57,65.0,49.0,75.38,39.0,13.0,33.33,0.0,0.0,0.0,49.0,14.0,12.0,2.0,1.0,195.0,64.1,92.0,53.0,57.61,23.0,17.0,73.91,57.0,43.0,75.44,44.0,19.0,43.18,39.0,19.0,48.72,60.0,36.0,60.0,25.0,18.0,72.0,15.0,15.63,1.95,22.56,12.36,21.34,24.06
2025-09-27,Arenas Club - Unionistas de Salamanca 2:1,Spain. Primera Division RFEF,102.0,Unionistas de Salamanca,4-4-2 (100.0%),1.0,1.27,14.0,4.0,28.57,559.0,473.0,84.62,73.2,121.0,16.0,46.0,59.0,80.0,33.0,36.0,11.0,178.0,80.0,44.94,34.0,7.0,20.59,0.0,0.0,0.0,7.0,3.0,42.86,2.0,0.0,0.0,0.0,0.0,0.0,19.0,6.0,31.58,65.0,16.0,24.62,2.0,2.0,9.0,6.0,66.67,55.0,31.0,56.36,39.0,24.0,61.54,2.0,1.0,50.0,32.0,15.0,11.0,2.0,0.0,559.0,84.62,171.0,127.0,74.27,85.0,81.0,95.29,207.0,184.0,88.89,67.0,32.0,47.76,78.0,56.0,71.79,104.0,81.0,77.88,27.0,22.0,81.48,5.0,16.4,5.22,11.99,8.11,21.08,20.2
2025-09-21,Celta Fortuna - Arenas Club 2:0,Spain. Primera Division RFEF,100.0,Arenas Club,4-2-3-1 (100.0%),0.0,0.59,8.0,5.0,62.5,494.0,403.0,81.58,49.32,113.0,20.0,39.0,54.0,77.0,46.0,20.0,11.0,157.0,76.0,48.41,25.0,1.0,4.0,1.0,1.0,100.0,5.0,4.0,80.0,2.0,0.0,0.0,0.0,0.0,0.0,18.0,4.0,22.22,47.0,21.0,44.68,1.0,2.0,21.0,11.0,52.38,71.0,39.0,54.93,17.0,5.0,29.41,2.0,0.0,0.0,35.0,5.0,18.0,4.0,0.0,494.0,81.58,150.0,100.0,66.67,63.0,57.0,90.48,215.0,195.0,90.7,48.0,18.0,37.5,58.0,36.0,62.07,77.0,48.0,62.34,19.0,18.0,94.74,7.0,16.22,4.94,9.72,15.52,18.37,21.01
2025-09-21,Celta Fortuna - Arenas Club 2:0,Spain. Primera Division RFEF,100.0,Celta Fortuna,5-4-1 (100.0%),2.0,2.52,21.0,11.0,52.38,530.0,451.0,85.09,50.68,110.0,19.0,32.0,59.0,93.0,42.0,35.0,16.0,157.0,75.0,47.77,40.0,16.0,40.0,2.0,2.0,100.0,4.0,0.0,0.0,2.0,0.0,0.0,0.0,0.0,0.0,9.0,2.0,22.22,71.0,32.0,45.07,3.0,0.0,8.0,5.0,62.5,47.0,26.0,55.32,17.0,9.0,52.94,5.0,1.0,20.0,39.0,13.0,8.0,3.0,0.0,530.0,85.09,155.0,118.0,76.13,88.0,85.0,96.59,214.0,194.0,90.65,39.0,17.0,43.59,57.0,41.0,71.93,90.0,54.0,60.0,13.0,9.0,69.23,3.0,16.94,4.77,7.36,15.08,17.82,19.03
2025-09-12,Barakaldo - Arenas Club 2:1,Spain. Primera Division RFEF,96.0,Arenas Club,4-1-3-2 (100.0%),1.0,0.84,8.0,4.0,50.0,407.0,320.0,78.62,51.12,142.0,27.0,67.0,48.0,88.0,48.0,34.0,6.0,252.0,105.0,41.67,23.0,5.0,21.74,1.0,0.0,0.0,3.0,2.0,66.67,1.0,0.0,0.0,0.0,0.0,0.0,4.0,0.0,0.0,101.0,25.0,24.75,1.0,2.0,12.0,4.0,33.33,82.0,44.0,53.66,36.0,21.0,58.33,0.0,0.0,0.0,57.0,14.0,17.0,2.0,0.0,407.0,78.62,166.0,116.0,69.88,55.0,53.0,96.36,128.0,106.0,82.81,57.0,31.0,54.39,51.0,30.0,58.82,85.0,54.0,63.53,32.0,23.0,71.88,11.0,16.15,3.23,14.0,6.22,17.71,20.67
2025-09-12,Barakaldo - Arenas Club 2:1,Spain. Primera Division RFEF,96.0,Barakaldo,4-4-2 (100.0%),2.0,1.58,12.0,4.0,33.33,356.0,258.0,72.47,48.88,132.0,12.0,55.0,65.0,96.0,32.0,49.0,15.0,252.0,138.0,54.76,42.0,10.0,23.81,0.0,0.0,0.0,5.0,0.0,0.0,4.0,0.0,0.0,0.0,0.0,0.0,20.0,3.0,15.0,82.0,38.0,46.34,0.0,1.0,8.0,4.0,50.0,101.0,76.0,75.25,36.0,12.0,33.33,3.0,2.0,66.67,37.0,10.0,10.0,3.0,0.0,356.0,72.47,146.0,91.0,62.33,51.0,46.0,90.2,111.0,83.0,74.77,64.0,29.0,45.31,58.0,33.0,56.9,77.0,53.0,68.83,28.0,18.0,64.29,5.0,14.78,2.78,17.98,9.41,20.01,21.68
2025-09-06,Arenas Club - Cacereño 2:2,Spain. Primera Division RFEF,104.0,Arenas Club,4-3-3 (100.0%),2.0,2.59,19.0,9.0,47.37,454.0,373.0,82.16,52.46,112.0,11.0,57.0,44.0,83.0,41.0,35.0,7.0,243.0,102.0,41.98,33.0,15.0,45.45,0.0,0.0,0.0,3.0,2.0,66.67,1.0,0.0,0.0,1.0,0.0,0.0,18.0,5.0,27.78,89.0,31.0,34.83,2.0,2.0,14.0,9.0,64.29,62.0,36.0,58.06,59.0,27.0,45.76,3.0,2.0,66.67,17.0,10.0,17.0,5.0,0.0,454.0,82.16,175.0,130.0,74.29,62.0,62.0,100.0,177.0,153.0,86.44,63.0,30.0,47.62,63.0,45.0,71.43,94.0,67.0,71.28,25.0,20.0,80.0,7.0,17.37,4.24,13.88,10.67,21.35,23.54
2025-09-06,Arenas Club - Cacereño 2:2,Spain. Primera Division RFEF,104.0,Cacereño,4-2-3-1 (100.0%),2.0,2.24,14.0,8.0,57.14,358.0,284.0,79.33,47.54,104.0,15.0,44.0,45.0,73.0,30.0,34.0,9.0,243.0,117.0,48.15,25.0,7.0,28.0,0.0,0.0,0.0,2.0,1.0,50.0,3.0,5.0,166.67,0.0,0.0,0.0,7.0,2.0,28.57,62.0,26.0,41.94,1.0,2.0,19.0,9.0,47.37,89.0,58.0,65.17,59.0,20.0,33.9,2.0,1.0,50.0,52.0,8.0,9.0,0.0,0.0,358.0,79.33,132.0,90.0,68.18,53.0,50.0,94.34,120.0,105.0,87.5,54.0,29.0,53.7,52.0,32.0,61.54,72.0,55.0,76.39,27.0,22.0,81.48,13.0,15.12,3.01,15.08,9.32,17.56,22.42
2025-08-31,Arenas Club - Arenteiro 2:1,Spain. Primera Division RFEF,106.0,Arenas Club,4-1-4-1 (55.92%),2.0,1.47,20.0,6.0,30.0,313.0,244.0,77.96,50.24,107.0,16.0,37.0,54.0,89.0,47.0,27.0,15.0,197.0,90.0,45.69,27.0,12.0,44.44,1.0,1.0,100.0,8.0,4.0,50.0,2.0,1.0,50.0,0.0,0.0,0.0,15.0,3.0,20.0,48.0,20.0,41.67,3.0,1.0,6.0,2.0,33.33,51.0,33.0,64.71,66.0,27.0,40.91,0.0,0.0,0.0,29.0,22.0,9.0,1.0,1.0,313.0,77.96,104.0,73.0,70.19,37.0,31.0,83.78,135.0,113.0,83.7,56.0,31.0,55.36,40.0,23.0,57.5,52.0,38.0,73.08,24.0,19.0,79.17,5.0,14.04,2.85,17.89,15.41,21.17,23.38
2025-08-31,Arenas Club - Arenteiro 2:1,Spain. Primera Division RFEF,106.0,Arenteiro,4-4-2 (100.0%),1.0,0.76,6.0,2.0,33.33,370.0,292.0,78.92,49.76,133.0,28.0,51.0,54.0,76.0,27.0,35.0,14.0,197.0,96.0,48.73,33.0,4.0,12.12,0.0,0.0,0.0,3.0,0.0,0.0,4.0,0.0,0.0,0.0,0.0,0.0,16.0,4.0,25.0,51.0,18.0,35.29,5.0,2.0,20.0,6.0,30.0,48.0,28.0,58.33,66.0,34.0,51.52,1.0,1.0,100.0,39.0,19.0,14.0,4.0,0.0,370.0,78.92,126.0,82.0,65.08,43.0,39.0,90.7,150.0,129.0,86.0,56.0,29.0,51.79,57.0,42.0,73.68,70.0,46.0,65.71,32.0,31.0,96.88,10.0,16.76,3.49,15.14,9.0,19.04,21.01
